-- Seed Admin User (password: Admin@1234 -> hashed via bcrypt)
-- Note: bcrypt hash for Admin@1234 is $2a$10$EixZaYVK1fsbw1ZfbX3OXePaWxn96p36WQoeG6Lruj3vjQsJMvLxu
INSERT INTO users (id, name, email, password, role) VALUES 
('11111111-1111-1111-1111-111111111111', 'System Admin', 'admin@example.com', '$2a$10$EixZaYVK1fsbw1ZfbX3OXePaWxn96p36WQoeG6Lruj3vjQsJMvLxu', 'ADMIN');

-- Seed Member Users (password: Member@1234 -> hashed via bcrypt)
-- Note: bcrypt hash for Member@1234 is $2a$10$k1wOqKqV2a2kGZ/vD1W3rOGQkUf1Z6o6b/o18.K.wL/f2uD4F0X1O
INSERT INTO users (id, name, email, password, role) VALUES 
('22222222-2222-2222-2222-222222222221', 'Alice Member', 'alice@example.com', '$2a$10$k1wOqKqV2a2kGZ/vD1W3rOGQkUf1Z6o6b/o18.K.wL/f2uD4F0X1O', 'MEMBER'),
('22222222-2222-2222-2222-222222222222', 'Bob Member', 'bob@example.com', '$2a$10$k1wOqKqV2a2kGZ/vD1W3rOGQkUf1Z6o6b/o18.K.wL/f2uD4F0X1O', 'MEMBER'),
('22222222-2222-2222-2222-222222222223', 'Charlie Member', 'charlie@example.com', '$2a$10$k1wOqKqV2a2kGZ/vD1W3rOGQkUf1Z6o6b/o18.K.wL/f2uD4F0X1O', 'MEMBER');

-- Seed Projects
INSERT INTO projects (id, name, description, owner_id) VALUES 
('33333333-3333-3333-3333-333333333331', 'Alpha Redesign', 'Redesign the main website', '11111111-1111-1111-1111-111111111111'),
('33333333-3333-3333-3333-333333333332', 'Beta Launch', 'Launch the new beta product', '22222222-2222-2222-2222-222222222221');

-- Seed Project Members (Assign all to both projects)
-- Project 1
INSERT INTO project_members (project_id, user_id, role) VALUES 
('33333333-3333-3333-3333-333333333331', '11111111-1111-1111-1111-111111111111', 'ADMIN'),
('33333333-3333-3333-3333-333333333331', '22222222-2222-2222-2222-222222222221', 'MEMBER'),
('33333333-3333-3333-3333-333333333331', '22222222-2222-2222-2222-222222222222', 'MEMBER'),
('33333333-3333-3333-3333-333333333331', '22222222-2222-2222-2222-222222222223', 'MEMBER');

-- Project 2
INSERT INTO project_members (project_id, user_id, role) VALUES 
('33333333-3333-3333-3333-333333333332', '11111111-1111-1111-1111-111111111111', 'MEMBER'),
('33333333-3333-3333-3333-333333333332', '22222222-2222-2222-2222-222222222221', 'ADMIN'),
('33333333-3333-3333-3333-333333333332', '22222222-2222-2222-2222-222222222222', 'MEMBER'),
('33333333-3333-3333-3333-333333333332', '22222222-2222-2222-2222-222222222223', 'MEMBER');

-- Seed Tasks
INSERT INTO tasks (title, description, status, priority, due_date, project_id, assignee_id, created_by_id) VALUES 
('Design Mockups', 'Create Figma mockups for the homepage', 'DONE', 'HIGH', CURRENT_DATE - INTERVAL '1 day', '33333333-3333-3333-3333-333333333331', '22222222-2222-2222-2222-222222222221', '11111111-1111-1111-1111-111111111111'),
('Setup CI/CD', 'Configure GitHub Actions for deployment', 'IN_PROGRESS', 'HIGH', CURRENT_DATE + INTERVAL '2 days', '33333333-3333-3333-3333-333333333331', '22222222-2222-2222-2222-222222222222', '11111111-1111-1111-1111-111111111111'),
('Write API Docs', 'Document the new REST endpoints', 'TODO', 'MEDIUM', CURRENT_DATE + INTERVAL '5 days', '33333333-3333-3333-3333-333333333331', '22222222-2222-2222-2222-222222222223', '11111111-1111-1111-1111-111111111111'),
('Marketing Strategy', 'Draft the launch marketing plan', 'IN_PROGRESS', 'MEDIUM', CURRENT_DATE + INTERVAL '1 day', '33333333-3333-3333-3333-333333333332', '11111111-1111-1111-1111-111111111111', '22222222-2222-2222-2222-222222222221'),
('Prepare Analytics', 'Setup Google Analytics tracking', 'TODO', 'LOW', CURRENT_DATE + INTERVAL '10 days', '33333333-3333-3333-3333-333333333332', '22222222-2222-2222-2222-222222222222', '22222222-2222-2222-2222-222222222221');
